epoch,loss
1,-1971.456695170342
2,-3866.634558569027
3,-4812.367613973497
4,-5137.15829583663
5,-5327.951233682753
6,-5384.454960690269
7,-5520.0192840189875
8,-5596.236970925633
9,-5677.121730369858
10,-5739.785669254351
11,-5819.013511174841
12,-5819.025953075554
13,-5865.916293759889
14,-5904.444385383703
15,-5988.289909266218
16,-5978.870722903481
17,-5998.628727007515
18,-6012.380303105221
19,-6101.497589497627
20,-6145.7761508603635
21,-6190.8952667622625
22,-6249.581388449367
23,-6285.489776997627
24,-6361.157078223892
25,-6423.505160947389
26,-6477.766057654272
27,-6498.833514636076
28,-6537.320343403877
29,-6564.866785749605
30,-6600.035854677611
31,-6639.537566752373
32,-6666.763047616693
33,-6659.955399525316
34,-6686.619431121439
35,-6732.986278678797
36,-6749.007033722311
37,-6765.278209058544
38,-6773.752818433544
39,-6797.622966524921
40,-6823.545570856409
41,-6832.538772003561
42,-6827.279278332674
43,-6854.4548432555375
44,-6882.172412727453
45,-6894.556078174446
46,-6903.466018097311
47,-6927.883578916139
48,-6926.605122626583
49,-6951.511663123022
50,-6964.148462223101
51,-6982.8469269185125
52,-6975.872533870649
53,-7006.69268567049
54,-7012.420428698576
55,-7020.1462495055375
56,-7043.970418809336
57,-7032.084367583069
58,-7076.921807011471
59,-7088.097371934336
60,-7105.518029321598
61,-7097.834942395174
62,-7141.689502571203
63,-7150.541701691061
64,-7156.235302116297
65,-7171.151713310917
66,-7193.698359622231
67,-7212.78622552413
68,-7194.850777541535
69,-7204.189477848101
70,-7224.291355567642
71,-7256.2927462420885
72,-7251.8039519877375
73,-7276.335078372231
74,-7293.3127534117875
75,-7316.947104924841
76,-7336.341407486155
77,-7321.875568631329
78,-7337.820751335047
79,-7378.300138449367
80,-7354.931238874605
81,-7382.149370797073
82,-7389.785193334652
83,-7414.326555083069
84,-7413.7102081685125
85,-7426.671442345728
86,-7463.123986352848
87,-7438.77667004549
88,-7436.901867830301
89,-7481.515328322785
90,-7506.469071400316
91,-7525.882126433939
92,-7520.714312203323
93,-7542.690985957279
94,-7535.78057629549
95,-7549.793160354035
96,-7587.431183247627
97,-7574.406398338608
98,-7634.798389289953
99,-7667.514772053007
100,-7662.741037875791
101,-7664.923519086235
102,-7658.409142602848
103,-7653.352013696598
104,-7675.578260977057
105,-7711.578106457674
106,-7696.420539952532
107,-7683.446171627769
108,-7746.125803500791
109,-7796.661590189873
110,-7761.327191702927
111,-7718.290669501583
112,-7671.578508208069
113,-7773.561560522152
114,-7781.5778777689875
115,-7824.917820411392
116,-7840.454905063291
117,-7833.716234424446
118,-7843.873924545095
119,-7861.184415793117
120,-7871.581036145174
121,-7917.599331240111
122,-7869.3210480122625
123,-7876.216945213608
124,-7905.179143591772
125,-7937.626180528086
126,-7911.5588657041135
127,-7954.8923308939875
128,-7953.553105221519
129,-8003.635717464399
130,-7952.425737984573
131,-8039.672171677215
132,-7934.491136768196
133,-7968.725048210047
134,-7997.002039655855
135,-8043.9665249208865
136,-8032.213100771361
137,-8036.951641613924
138,-8007.143987341772
139,-8005.008399673655
140,-8074.7468292622625
141,-8043.132466376583
142,-8007.843626384493
143,-8059.0739653382125
144,-8066.78008801424
145,-8076.746408969541
146,-8075.174798506725
147,-8070.342075009889
148,-8139.672684681566
149,-8212.246983781646
150,-8197.913314626187
151,-8124.3225004944625
152,-8126.695287776899
153,-8212.856364962421
154,-8264.297598150712
155,-8204.27265872231
156,-8229.286312054985
157,-8272.683871884889
158,-8265.819181418117
159,-8199.686739764637
160,-8212.778011273735
161,-8199.077241149129
162,-8303.103521805775
163,-8304.093255537975
164,-8248.242960096915
165,-8150.88827630538
166,-8059.628090387659
167,-8173.384116643591
168,-8288.129419254352
169,-8320.275056863133
170,-8337.537146459652
171,-8293.691820361946
172,-8286.008646904667
173,-8326.385698922073
174,-8396.364912974683
175,-8415.25587173655
176,-8356.534878115111
177,-8379.874060522152
178,-8352.6020384197
179,-8397.399067939083
180,-8395.540187401108
181,-8426.179539161392
182,-8417.934693928006
183,-8450.947302709652
184,-8452.937054984177
185,-8355.10364542128
186,-8349.453767800633
187,-8389.61193384098
188,-8324.824163123023
189,-8325.740660848496
190,-8210.656800089004
191,-8392.077587272548
192,-8501.391453223892
193,-8484.259098101265
194,-8479.19647448576
195,-8453.989554489715
196,-8454.727514339398
197,-8501.913852353639
198,-8572.313043908227
199,-8610.137967266613
200,-8591.21467068829
201,-8541.184421973892
202,-8512.77344986155
203,-8586.74962915348
204,-8568.388276305379
205,-8499.880228935917
206,-8529.683309434335
207,-8585.38691653481
208,-8562.135902887658
209,-8587.75877670095
210,-8605.498887460442
211,-8488.040861105617
212,-8502.98669897152
213,-8605.148931962025
214,-8563.379116396361
215,-8581.649920886075
216,-8457.851723200158
217,-8591.223657535602
218,-8575.951827037183
219,-8609.445040545887
220,-8674.948810818829
221,-8711.564428401898
222,-8723.352786293513
223,-8748.1298828125
224,-8589.72364517405
225,-8450.764561906646
226,-8541.587445609177
227,-8679.18421182753
228,-8733.019061511075
229,-8739.28162084652
230,-8780.198810818829
231,-8778.544810621044
232,-8801.635952333861
233,-8725.793895866298
234,-8604.367756131329
235,-8736.2001953125
236,-8756.94103540348
237,-8676.560583959652
238,-8726.224300336235
239,-8726.217365506329
240,-8676.18885977057
241,-8651.655322883702
242,-8605.127472310127
243,-8670.485438093354
244,-8776.868658524525
245,-8825.27991495253
246,-8848.589757219146
247,-8788.348842958861
248,-8743.381440367879
249,-8764.937623615506
250,-8680.441084849683
251,-8798.560225474683
252,-8844.776874011075
253,-8874.210208168513
254,-8864.794279074367
255,-8766.096642602848
256,-8781.964448180379
257,-8734.518010779273
258,-8709.354640526108
259,-8840.101438884494
260,-8773.10155013845
261,-8824.400786194621
262,-8920.052042128165
263,-8884.649982693829
264,-8891.972742780854
265,-8879.497577136075
266,-8853.042239418513
267,-8952.865506329113
268,-8928.401280656646
269,-8868.80662826345
270,-8760.848076542721
271,-8870.609350276898
272,-8783.059805181962
273,-8765.854343848892
274,-8858.969454608387
275,-8940.556591178798
276,-8995.457859473892
277,-9007.892503955696
278,-9026.775538963608
279,-9006.114727551425
280,-8941.19591821598
281,-8961.43614022943
282,-8911.573637757121
283,-8971.708044897152
284,-8935.622651305379
285,-8877.06428006329
286,-8998.836209454113
287,-8948.692531151108
288,-8916.174273140823
289,-8805.915805478639
290,-8782.726068037975
291,-8860.011459157437
292,-9021.855963212025
293,-9059.935138943829
294,-9083.038160106804
295,-9094.099646459652
296,-9105.948452333861
297,-9086.28047122231
298,-8955.22871340981
299,-9019.531596123417
300,-8934.423086431962
301,-8923.730246242088
302,-8941.779877867879
303,-9039.213891910602
304,-9081.885630933544
305,-9115.13768295095
306,-9110.478837025317
307,-9118.413036491298
308,-9109.580115209652
309,-9071.335912776898
310,-9099.40528579905
311,-9073.593638746044
312,-8972.361402294304
313,-8898.110932555379
314,-8971.823662480221
315,-9092.013943829113
316,-9150.231123912183
317,-9187.697154371044
318,-9205.53106457674
319,-9175.602452531646
320,-9152.814354232594
321,-9034.383356408227
322,-9096.138894382912
323,-9146.942246835442
324,-9182.937994462025
325,-9177.544093651108
326,-9082.867323477058
327,-9143.313142800633
328,-9179.061449268196
329,-9191.068594244462
330,-9102.856148635285
331,-9053.153369758702
332,-8982.209651898735
333,-9072.895408920094
334,-9210.58573971519
335,-9236.796776107594
336,-9245.43377917326
337,-9262.155112737342
338,-9251.771410205696
339,-9236.263004351265
340,-9153.790496439873
341,-9231.441653481013
342,-9204.29551522943
343,-8850.356606012658
344,-8785.871217365506
345,-9000.536380043513
346,-9022.45469491693
347,-9102.476092761075
348,-9217.870673457279
349,-9277.160564181171
350,-9306.64533475079
351,-9327.736773140823
352,-9356.571412678006
353,-9346.143591772152
354,-9355.572191455696
355,-9344.686239121835
356,-9282.50742929193
357,-9236.987008010285
358,-9143.928624406646
359,-9084.59492434731
360,-9099.363800435127
361,-9287.202370945412
362,-9319.983880537975
363,-9266.795935522152
364,-9137.244054094146
365,-9193.256601068038
366,-9324.063760878165
367,-9389.588904272152
368,-9407.640464299842
369,-9412.148907238925
370,-9273.900464794304
371,-9240.211419600475
372,-9362.916151602058
373,-9402.091586728639
374,-9413.433334157437
375,-9410.561931368671
376,-9401.252979133702
377,-9338.85703866693
378,-9347.29944620253
379,-9235.265414853639
380,-9165.127497033227
381,-9337.196165446994
382,-9379.927276997627
383,-9424.986291040348
384,-9291.856667820412
385,-9274.623368275317
386,-9332.77812252769
387,-9419.979788864715
388,-9387.394494165348
389,-9272.028270866298
390,-9222.203199169304
391,-9376.70469491693
392,-9432.86268789557
393,-9324.891304885285
394,-9365.720789655854
395,-9314.640723892406
396,-9297.369375494462
397,-9400.873899821994
398,-9321.041497725475
399,-9355.455325356013
400,-9464.354937203323
401,-9501.432728441456
402,-9510.96741495253
403,-9524.5771484375
404,-9517.829756724683
405,-9304.797901008702
406,-9317.598311412183
407,-9279.821857693829
408,-9389.57420638845
409,-9501.211024030854
410,-9508.518628856804
411,-9509.53123763845
412,-9426.187425830696
413,-9469.236896756329
414,-9519.193507713608
415,-9564.741866099683
416,-9492.442098496835
417,-9501.254821004746
418,-9533.430997824367
419,-9539.558136372627
420,-9560.006143690665
421,-9519.44355715981
422,-9316.54944620253
423,-9362.344874901108
424,-9368.912801621835
425,-9463.018628856804
426,-9452.213953718354
427,-9481.094269185127
428,-9505.992434731013
429,-9387.945399030854
430,-9490.48846667326
431,-9579.047542523735
432,-9591.512991989715
433,-9582.327234968354
434,-9543.038975969146
435,-9594.174161886867
436,-9609.012769481804
437,-9595.752212717563
438,-9516.286528382121
439,-9378.415941455696
440,-9277.72752670095
441,-9410.01990209652
442,-9558.037764537183
443,-9574.056764240506
444,-9462.231136273735
445,-9566.332550435127
446,-9605.496167919304
447,-9598.447821894779
448,-9546.05097903481
449,-9496.445151799842
450,-9612.43144284019
451,-9645.023190268987
452,-9447.523870154273
453,-9568.91796875
454,-9490.983077037183
455,-9591.410737242879
456,-9659.048482001583
457,-9668.213521064083
458,-9696.795861352848
459,-9563.500655162183
460,-9584.505636867088
461,-9597.425534018987
462,-9629.991903184335
463,-9671.343799446202
464,-9651.036206981804
465,-9582.455535502373
466,-9520.125086530854
467,-9604.602291831487
468,-9630.898771261867
469,-9684.648944323575
470,-9560.713212025317
471,-9415.620994857594
472,-9600.64240506329
473,-9679.782857001583
474,-9724.799062994462
475,-9754.91423556171
476,-9634.325541435917
477,-9581.664878362342
478,-9718.051720727848
479,-9699.642541040348
480,-9763.86326888845
481,-9778.505006428006
482,-9642.097161787975
483,-9649.363058742088
484,-9530.272955399525
485,-9662.441196103639
486,-9574.53142306171
487,-9575.690466772152
488,-9715.661775613133
489,-9749.14471667326
490,-9732.71659909019
491,-9732.884246439873
492,-9784.781781546677
493,-9824.650118670887
494,-9834.85333020174
495,-9696.906596123417
496,-9753.451072982594
497,-9713.481976859177
498,-9591.541497725475
499,-9731.447599386867
500,-9794.588125494462
501,-9758.735215585442
502,-9669.691319719146
503,-9748.271830498417
504,-9752.139932753165
505,-9783.233522053006
506,-9667.013338113133
507,-9582.215746143196
508,-9732.499320114715
509,-9802.245982496044
510,-9691.87073526503
511,-9694.749604430379
512,-9682.963953718354
513,-9799.958885482594
514,-9824.747391712817
515,-9816.533091871044
516,-9842.150341178798
517,-9856.28966821598
518,-9866.151119956487
519,-9857.287764537183
520,-9694.16309829905
521,-9751.742125692246
522,-9660.280619560917
523,-9560.898981408227
524,-9605.470851463608
525,-9486.187153876583
526,-9765.901614418513
527,-9838.694422468354
528,-9903.275390625
529,-9944.257404568829
530,-9942.914618769779
531,-9954.62205795095
532,-9942.361414655854
533,-9954.576048259494
534,-9933.70250692247
535,-9899.088632318038
536,-9742.719590585442
537,-9829.655817345727
538,-9854.412072290348
539,-9815.119400217563
540,-9775.469776008702
541,-9889.983979430379
542,-9877.922196400317
543,-9757.597198872627
544,-9827.48768789557
545,-9911.861538271361
546,-9921.442407535602
547,-9951.979999011075
548,-9887.763535897942
549,-9723.798395470727
550,-9831.458959651898
551,-9897.135977056962
552,-9888.749258306962
553,-9948.762003065665
554,-9878.886780557754
555,-9903.817160304588
556,-9782.005772844146
557,-9825.834614814083
558,-9842.641205992879
559,-9685.014722606804
560,-9784.815095925633
561,-9909.397535106804
562,-9925.303772745254
563,-9965.999913469146
564,-9966.524302808544
565,-10029.78887707674
566,-10000.990444521361
567,-9872.50331289557
568,-9644.81114022943
569,-9631.65508801424
570,-9802.22400365902
571,-9939.567877274525
572,-10036.174322587025
573,-10068.123936906646
574,-10093.580003955696
575,-10072.740765921677
576,-9888.718898338608
577,-9817.7421875
578,-9979.832921281646
579,-10022.419291435917
580,-10072.705424248417
581,-10062.358163568038
582,-10065.60075899921
583,-10088.004808643196
584,-10056.045750098892
585,-9761.81970678402
586,-9670.22595678402
587,-9770.709824960442
588,-9796.807716079906
589,-9963.768591772152
590,-10090.75255884098
591,-10130.042301226265
592,-10148.43616495253
593,-10153.091895767406
594,-10144.497132120254
595,-10025.160576542721
596,-9856.742756131329
597,-9722.933816257912
598,-9917.697030755538
599,-10064.328162084652
600,-10095.922171677215
601,-10159.701888844937
602,-10171.998751483387
603,-10145.072896064083
604,-10141.677684928798
605,-10166.203817246835
606,-10153.426634196994
607,-9992.94886026503
608,-9999.082562796677
609,-10047.199132219146
610,-9998.662331882912
611,-9868.297085146361
612,-9989.55699910997
613,-10067.551844343354
614,-10074.928080498417
615,-9927.968774723102
616,-9514.246007219146
617,-9623.788234276108
618,-9868.671912084652
619,-10097.41856210443
620,-10164.083279766613
621,-10167.585381230221
622,-10003.001644086235
623,-10135.884493670887
624,-10176.760235363925
625,-10221.981123912183
626,-10228.715165150317
627,-10243.728812302215
628,-10238.641712816456
629,-10228.305021261867
630,-10066.311251483387
631,-10124.44568334652
632,-10067.566196103639
633,-9991.819187598892
634,-10051.766292523735
635,-10123.970999802215
636,-10200.221271756329
637,-10212.725165644779
638,-10202.07636965981
639,-9980.51970431171
640,-10018.417239418513
641,-9951.075739220727
642,-9832.656670292721
643,-9999.081895272942
644,-10138.672925731804
645,-10201.701925929588
646,-10190.895371835442
647,-10109.23106210443
648,-10112.123875098892
649,-10223.20253164557
650,-10254.75353540348
651,-10209.99939428402
652,-10228.71797122231
653,-10091.4814453125
654,-9963.631254944621
655,-10171.596568433544
656,-10258.075306566456
657,-10278.106049742879
658,-10286.648931962025
659,-10190.762126681171
660,-10087.267664655854
661,-10202.074280557754
662,-10234.380167128165
663,-10258.844776008702
664,-10297.530594837817
665,-10263.603725771361
666,-10054.819199960442
667,-9859.660020272942
668,-9848.222990011867
669,-10082.793698081487
670,-10245.599646459652
671,-10275.13806615902
672,-10252.874258306962
673,-10308.04316653481
674,-10340.491297468354
675,-10301.936436906646
676,-10341.75861600079
677,-10347.10936263845
678,-10313.150848002373
679,-10330.675323872627
680,-10269.75176770174
681,-10270.310274920887
682,-10095.56602304193
683,-10148.855419303798
684,-10141.626841871044
685,-10145.439218255538
686,-9977.52477254747
687,-9955.815664556962
688,-10205.975066752373
689,-10329.286244066456
690,-10385.392998417721
691,-10401.469986155063
692,-10394.385655656646
693,-10133.801362242879
694,-9999.364542128165
695,-10206.431690071202
696,-10253.35216821598
697,-10266.558099287975
698,-10326.583044897152
699,-10370.643406348892
700,-10185.112774426425
701,-10143.455164655854
702,-10328.474040743671
703,-10400.298296578323
704,-10429.091562005538
705,-10398.238924050633
706,-10361.719244462025
707,-10135.825318928006
708,-10048.307753164558
709,-10213.245673457279
710,-10279.117039161392
711,-10389.639598991298
712,-10406.665508801425
713,-10415.88439477848
714,-10439.918821696994
715,-10300.20586926424
716,-10122.583551720727
717,-10341.169093651108
718,-10396.204151008702
719,-10207.934595035602
720,-10078.835986946202
721,-10293.834330498417
722,-10293.273363330696
723,-10366.223484473892
724,-10431.215573081487
725,-10330.87538320807
726,-10391.176436412183
727,-10439.37341772152
728,-10406.723731704906
729,-10434.43202383307
730,-10448.507552907437
731,-10403.885309533227
732,-10250.63885729826
733,-10150.396385482594
734,-10144.547962816456
735,-10376.579002670094
736,-10444.286639636075
737,-10443.34080795095
738,-10324.22008504747
739,-10312.300014833861
740,-9991.750865308544
741,-10182.048852848102
742,-10401.0634765625
743,-10494.679168314873
744,-10529.076740506329
745,-10547.314774525317
746,-10390.830300632912
747,-10344.218243176425
748,-10370.432320510285
749,-10473.892911886867
750,-10474.146261867088
751,-10205.851327630538
752,-10043.485982001583
753,-10084.443087420887
754,-10352.757540545887
755,-10474.866866099683
756,-10475.890909315665
757,-10553.964349287975
758,-10566.177610759494
759,-10560.64416040348
760,-10465.215733781646
761,-10347.924396756329
762,-10326.343465684335
763,-10455.642911886867
764,-10498.153468651108
765,-10532.832599881329
766,-10464.674730518196
767,-10409.927425336235
768,-10290.320176522942
769,-10184.902034711235
770,-10227.89784414557
771,-10349.041732594937
772,-10509.392615209652
773,-10471.854244956487
774,-10527.484869462025
775,-10545.581586234177
776,-10537.070201246044
777,-10525.404037282437
778,-10559.210640822785
779,-10549.540335739715
780,-10511.301807258702
781,-10250.057048556171
782,-10335.199626681171
783,-10357.82873071598
784,-10208.773660007912
785,-10219.317679489715
786,-10348.885396064083
787,-10359.149574762658
788,-10225.309916435917
789,-10457.507268591773
790,-10576.869029371044
791,-10611.827482199367
792,-10602.454657832279
793,-10635.994536194621
794,-10617.44664754747
795,-10619.886632219146
796,-10581.845703125
797,-10608.829744363133
798,-10476.395186412183
799,-10286.809100573575
800,-10244.086703916139
801,-10298.334503560127
802,-10466.45002225079
803,-10461.55451443829
804,-10566.369647448575
805,-10657.526268295094
806,-10639.853453817246
807,-10629.823402887658
808,-10562.019778481013
809,-10507.115803006329
810,-10567.96308840981
811,-10563.745178995254
812,-10634.555738231804
813,-10571.811486352848
814,-10360.67736352848
815,-10139.17518789557
816,-10419.471518987342
817,-10475.270235858387
818,-10485.339979727058
819,-10481.731915051425
820,-10579.11134048655
821,-10528.867607792721
822,-10592.361179786392
823,-10592.449367088608
824,-10546.840288765823
825,-10364.364727551425
826,-10524.504833366298
827,-10639.774018492879
828,-10666.807320510285
829,-10666.783153678798
830,-10615.242867385285
831,-10549.914927808544
832,-10347.371242088608
833,-10571.841945213608
834,-10656.415533524525
835,-10681.720468255538
836,-10691.019073872627
837,-10652.729541633702
838,-10448.084466475475
839,-10236.82813736155
840,-10332.910724881329
841,-10281.619387856013
842,-10443.081165941456
843,-10567.301485858387
844,-10517.712186016613
845,-10579.881489814083
846,-10691.551448773735
847,-10655.359288469146
848,-10558.925360957279
849,-10642.535106803798
850,-10740.210838607594
851,-10723.168067642406
852,-10744.63610067247
853,-10651.06640625
854,-10661.535625988925
855,-10620.705177017406
856,-10726.60096914557
857,-10573.347161787975
858,-10566.508912678006
859,-10505.067456981804
860,-10592.785007911392
861,-10698.660366396361
862,-10491.53828372231
863,-10561.800867780854
864,-10690.450084058544
865,-10730.416015625
866,-10646.545638844937
867,-10513.453409315665
868,-10388.987551918513
869,-10492.42851315269
870,-10655.771694521361
871,-10587.267639932754
872,-10593.274871439873
873,-10652.91465585443
874,-10428.014166337025
875,-10466.964114418513
876,-10603.531188192246
877,-10633.743732693829
878,-10755.901515526108
879,-10789.988862242879
880,-10807.577544007121
881,-10809.452902492088
882,-10758.725190367879
883,-10738.474881329113
884,-10698.171541238133
885,-10761.988330696202
886,-10738.033524525317
887,-10669.867694323575
888,-10615.098323773735
889,-10581.856976859177
890,-10455.173519086235
891,-10332.218304984177
892,-10494.91051473497
893,-10703.513325751583
894,-10781.67443384098
895,-10843.268208564083
896,-10767.600796083861
897,-10745.174297863925
898,-10711.367830300633
899,-10548.771175336235
900,-10668.739764636075
901,-10791.36053698576
902,-10757.78574960443
903,-10780.364912974683
904,-10787.471358287183
905,-10797.31995401503
906,-10823.23613034019
907,-10725.056541732594
908,-10476.737650810917
909,-10522.200739220727
910,-10522.697525217563
911,-10535.368300039558
912,-10288.327778876583
913,-10404.814218255538
914,-10528.434904074367
915,-10744.452877768987
916,-10811.794254351265
917,-10831.294773536392
918,-10846.001532832279
919,-10868.477699762658
920,-10785.605369857594
921,-10822.041893295094
922,-10824.360870747627
923,-10685.400452432754
924,-10492.607817444621
925,-10460.283079509494
926,-10627.020285304588
927,-10782.488404865506
928,-10678.135902887658
929,-10734.912368967563
930,-10827.26347409019
931,-10815.235623516613
932,-10746.750741693038
933,-10542.298407832279
934,-10485.500296677215
935,-10631.360227946994
936,-10788.216512559335
937,-10672.838558148735
938,-10671.64454361155
939,-10512.967142998417
940,-10412.653666435917
941,-10597.671973892406
942,-10517.356704905063
943,-10581.988021657437
944,-10812.61543215981
945,-10903.225437598892
946,-10836.056937302215
947,-10764.372787282437
948,-10799.029160897942
949,-10897.36875741693
950,-10898.143604133702
951,-10940.042461926425
952,-10944.191641119462
953,-10944.432950949367
954,-10914.55682604826
955,-10739.845394086235
956,-10746.42613973497
957,-10849.716339497627
958,-10836.411825059335
959,-10759.63147745253
960,-10715.147671083861
961,-10490.75
962,-10395.47009740902
963,-10642.237168710442
964,-10789.409105518196
965,-10762.324935719937
966,-10833.714435818829
967,-10877.938352946994
968,-10856.05157238924
969,-10639.32654272152
970,-10800.522621637658
971,-10839.332266119462
972,-10876.032646855221
973,-10884.380513251583
974,-10931.371785996835
975,-10928.128560126583
976,-10938.534229133702
977,-10883.036268789558
978,-10783.597730419304
979,-10602.01446301424
980,-10750.26678698576
981,-10647.670193829113
982,-10653.198786095727
983,-10749.694212321994
984,-10808.875494462025
985,-10803.610784216773
986,-10568.04121340981
987,-10719.814514932754
988,-10737.632738330696
989,-10529.10760729826
990,-10736.000902393196
991,-10831.959132713608
992,-10913.944286491298
993,-10913.41388943829
994,-10742.515278876583
995,-10775.51874011076
996,-10827.096593156646
997,-10878.223571004746
998,-10601.838187302215
999,-10500.93201147152
1000,-10642.572685917721
1001,-10174.503374703323
1002,-10222.261014141613
1003,-10232.323477056962
1004,-10249.37635977057
1005,-10247.295787183544
1006,-10252.636088310917
1007,-10179.977489616298
1008,-10194.533920094937
1009,-10203.274648931962
1010,-10195.618460739715
1011,-10175.79649179193
1012,-10253.388239220727
1013,-10190.83436758307
1014,-10243.662220628956
1015,-10247.390130537975
1016,-10240.639722606804
1017,-10213.994387856013
1018,-10110.93395223497
1019,-9937.802586036392
1020,-10074.8720703125
1021,-10197.296343453323
1022,-10269.776602056962
1023,-10295.067543512658
1024,-10243.951295490506
1025,-10286.819261768196
1026,-10286.580720925633
1027,-10288.904741890823
1028,-10266.107187005538
1029,-10279.408623417721
1030,-10108.482508405854
1031,-10088.82013943829
1032,-10072.587420886075
1033,-10066.0
1034,-10219.135828718354
1035,-10293.091401305379
1036,-10345.388758405854
1037,-10358.27697290348
1038,-10360.30409414557
1039,-10332.514215783227
1040,-10339.43712915348
1041,-10349.57848348497
1042,-10359.418525019779
1043,-10304.15784464003
1044,-10271.96073971519
1045,-10276.574478342563
1046,-10322.982817444621
1047,-10248.531769185127
1048,-10315.972878757912
1049,-10312.94920638845
1050,-10322.574070411392
1051,-10312.497478243671
1052,-10296.339262757121
1053,-10186.647769976265
1054,-10055.245871242088
1055,-10096.790793117088
1056,-10265.91309829905
1057,-10256.036108089398
1058,-10313.567889636075
1059,-10344.489158920094
1060,-10375.387991989715
1061,-10386.382503461235
1062,-10381.794266712817
1063,-10332.688031546677
1064,-10376.705226463608
1065,-10206.834528283227
1066,-10219.978651602058
1067,-10343.50587173655
1068,-10379.23401651503
1069,-10353.59551770174
1070,-10211.152665150317
1071,-10260.611859671677
1072,-10355.624060522152
1073,-10372.728256032437
1074,-10391.488404865506
1075,-10406.788147745254
1076,-10416.867533623417
1077,-10391.338570510285
1078,-10260.695201246044
1079,-10142.97205053402
1080,-10173.619622725475
1081,-10294.231321696994
1082,-10330.238800435127
1083,-10354.61658178402
1084,-10378.570844046677
1085,-10411.311980814873
1086,-10389.408363825158
1087,-10400.974695905854
1088,-10398.423704509494
1089,-10413.740086036392
1090,-10399.551547666139
1091,-10336.099547567246
1092,-10232.259493670887
1093,-10259.739752274525
1094,-10312.351030953323
1095,-10371.200714497627
1096,-10398.566344442246
1097,-10429.840709058544
1098,-10313.891848793513
1099,-10128.784389833861
1100,-10231.71739022943
1101,-10356.256316752373
1102,-10406.962495055379
1103,-10415.66620104826
1104,-10439.955782733387
1105,-10432.123726760285
1106,-10328.588570510285
1107,-10371.87658227848
1108,-10399.70471964003
1109,-10363.582253757912
1110,-10447.544155458861
1111,-10431.894296380538
1112,-10429.594887262658
1113,-10401.607100474683
1114,-10427.893888449367
1115,-10427.426683643196
1116,-10328.699873912183
1117,-10236.262275019779
1118,-10176.206339003165
1119,-10147.638375197785
1120,-10357.088805379746
1121,-10392.548197685917
1122,-10423.80211629747
1123,-10459.92695559731
1124,-10490.427573674842
1125,-10495.852205300633
1126,-10505.351525415348
1127,-10496.520396558544
1128,-10483.678500791139
1129,-10466.220023239715
1130,-10439.262448081487
1131,-10448.445757515823
1132,-10435.431170886075
1133,-10449.341858682754
1134,-10441.283413271361
1135,-10386.372589497627
1136,-10421.589967365506
1137,-10430.171207476265
1138,-10410.34649426424
1139,-10449.372626582279
1140,-10425.09588854826
1141,-10369.35661837421
1142,-10301.39063736155
1143,-10261.936980814873
1144,-10355.473558643196
1145,-10310.643455795094
1146,-10446.339905557754
1147,-10477.69940417326
1148,-10483.146459651898
1149,-10501.726624307754
1150,-10512.50587173655
1151,-10477.561103144779
1152,-10500.463298556171
1153,-10488.637114319621
1154,-10488.079781447785
1155,-10422.884666732594
1156,-10363.115308544304
1157,-10294.371847804588
1158,-10375.36267553402
1159,-10407.658709948575
1160,-10412.482187005538
1161,-10472.807740803006
1162,-10501.411837420887
1163,-10511.183198180379
1164,-10500.548172962817
1165,-10402.089522349683
1166,-10251.248763844937
1167,-10413.831709849683
1168,-10419.183630834652
1169,-10450.952074268196
1170,-10488.296825553798
1171,-10527.871934335442
1172,-10527.34337915348
1173,-10537.365815367879
1174,-10502.398326246044
1175,-10517.408252571202
1176,-10307.080955795094
1177,-10347.448489418513
1178,-10473.680181962025
1179,-10515.681949663765
1180,-10513.67853787579
1181,-10385.007874307754
1182,-10377.957006526898
1183,-10473.221036886867
1184,-10495.944496637658
1185,-10528.01055676424
1186,-10524.139537183544
1187,-10529.638189774525
1188,-10530.766539754746
1189,-10524.22090090981
1190,-10531.958230320412
1191,-10542.812030261075
1192,-10551.69591821598
1193,-10521.154062005538
1194,-10488.272213706487
1195,-10499.750828223892
1196,-10527.383393492879
1197,-10502.106692543513
1198,-10309.129425435127
1199,-10421.257392207279
1200,-10487.993658524525
1201,-10528.955312994462
1202,-10482.100128560127
1203,-10342.391366693038
1204,-10252.360574070412
1205,-10461.99061758307
1206,-10542.495450949367
1207,-10570.592353144779
1208,-10611.926003757912
1209,-10621.974831882912
1210,-10514.749604430379
1211,-10497.595826740506
1212,-10470.261063587817
1213,-10552.153901305379
1214,-10557.341747428798
1215,-10451.365184928798
1216,-10566.724485759494
1217,-10570.31425534019
1218,-10593.114406151108
1219,-10588.973125988925
1220,-10604.602576147152
1221,-10615.176053204113
1222,-10585.194101068038
1223,-10434.941183742088
1224,-10328.412752175633
1225,-10406.816060126583
1226,-10496.645161689083
1227,-10530.131502175633
1228,-10472.017355617088
1229,-10554.852501977848
1230,-10579.223756428006
1231,-10629.577729430379
1232,-10620.394852650317
1233,-10634.127966772152
1234,-10574.824886273735
1235,-10515.981519481804
1236,-10529.27734375
1237,-10582.305960739715
1238,-10535.692036689083
1239,-10542.439230617088
1240,-10549.350474683544
1241,-10517.526206487342
1242,-10466.333489912975
1243,-10536.330523140823
1244,-10556.47132120253
1245,-10616.88732446598
1246,-10625.936399821994
1247,-10653.561461629746
1248,-10653.308124011075
1249,-10614.007960838608
1250,-10388.90270223497
1251,-10555.219392800633
1252,-10603.720789655854
1253,-10589.35974584652
1254,-10614.96306368671
1255,-10652.076307852058
1256,-10602.718811807754
1257,-10376.438872132121
1258,-10318.119103540348
1259,-10538.39045193829
1260,-10602.708032535602
1261,-10625.683729727058
1262,-10674.04022448576
1263,-10684.477811016613
1264,-10662.489999505538
1265,-10678.571387954906
1266,-10521.452964299842
1267,-10381.055342662183
1268,-10397.731494758702
1269,-10546.963966079906
1270,-10452.534290941456
1271,-10386.472532634494
1272,-10581.123491890823
1273,-10666.468181368671
1274,-10709.382132614715
1275,-10726.350672468354
1276,-10714.514586629746
1277,-10677.73438736155
1278,-10709.365803006329
1279,-10706.238392503956
1280,-10719.42072537579
1281,-10673.07262410997
1282,-10693.516045292721
1283,-10678.270483089398
1284,-10697.407782832279
1285,-10637.065145371835
1286,-10523.18279024921
1287,-10391.538580399525
1288,-10326.113071103639
1289,-10269.85820065269
1290,-10547.331808742088
1291,-10610.477934632121
1292,-10631.65723892405
1293,-10704.416670787183
1294,-10724.85956042326
1295,-10725.728552709652
1296,-10751.92070065269
1297,-10696.338842464398
1298,-10666.520606704906
1299,-10720.552289359177
1300,-10675.479195510285
1301,-10437.488998219937
1302,-10346.626718255538
1303,-10426.630303105221
1304,-10560.803216475475
1305,-10648.018974980221
1306,-10738.703879054588
1307,-10765.33728490902
1308,-10745.876878955696
1309,-10732.133022646361
1310,-10774.918698081487
1311,-10773.546800830696
1312,-10778.58043660997
1313,-10649.999765130538
1314,-10542.20275415348
1315,-10512.950343651108
1316,-10392.168376681171
1317,-10416.897807060917
1318,-10598.599522844146
1319,-10564.118262954906
1320,-10655.112205795094
1321,-10766.490864814083
1322,-10778.745352056962
1323,-10801.089757219146
1324,-10774.330622033227
1325,-10771.023116099683
1326,-10758.853058247627
1327,-10652.872787282437
1328,-10756.537789260285
1329,-10732.182765526108
1330,-10735.882243868671
1331,-10632.848768789558
1332,-10671.396558544304
1333,-10517.253881526898
1334,-10636.683148734177
1335,-10697.516366693038
1336,-10774.313204608387
1337,-10787.440367879746
1338,-10600.241754845727
1339,-10660.725276898735
1340,-10738.148585838608
1341,-10739.009988132912
1342,-10756.338360363925
1343,-10665.767343255538
1344,-10498.468873615506
1345,-10460.70429934731
1346,-10625.738491396361
1347,-10758.992731408227
1348,-10769.178921083861
1349,-10804.313451839398
1350,-10832.09046182753
1351,-10809.780013844937
1352,-10812.623467167721
1353,-10734.473917128165
1354,-10531.847322488133
1355,-10574.588434533227
1356,-10726.843490407437
1357,-10799.706771657437
1358,-10819.383937401108
1359,-10815.556381032437
1360,-10812.06620846519
1361,-10799.946449762658
1362,-10800.137608781646
1363,-10803.191678204113
1364,-10809.155483583861
1365,-10801.243905755538
1366,-10624.880315466773
1367,-10528.81854479826
1368,-10608.674742879746
1369,-10718.024957970727
1370,-10787.248627867879
1371,-10824.933853342563
1372,-10847.34962173655
1373,-10776.30897695807
1374,-10553.941554588608
1375,-10656.198724287975
1376,-10485.537616198575
1377,-10450.583662974683
1378,-10595.169822982594
1379,-10759.91663370253
1380,-10852.31385977057
1381,-10892.633356408227
1382,-10904.99236056171
1383,-10894.14628659019
1384,-10905.19061511076
1385,-10887.675200257121
1386,-10706.342798160602
1387,-10664.494462025317
1388,-10675.01794897152
1389,-10545.09141366693
1390,-10548.637213212025
1391,-10460.068470628956
1392,-10436.476092761075
1393,-10713.868881032437
1394,-10825.56525662579
1395,-10880.412430775317
1396,-10926.955139932754
1397,-10944.634716178798
1398,-10957.978985363925
1399,-10910.859869462025
1400,-10841.29802462421
1401,-10905.29960690269
1402,-10893.13928995253
1403,-10912.776663864715
1404,-10889.794439774525
1405,-10884.68183840981
1406,-10836.721593156646
1407,-10761.43028085443
1408,-10811.477675039558
1409,-10862.299841772152
1410,-10863.485561708861
1411,-10801.124344837817
1412,-10697.256353837025
1413,-10471.892701740506
1414,-10507.32110363924
1415,-10714.211221815665
1416,-10793.70606704905
1417,-10863.365234375
1418,-10870.431245055379
1419,-10886.310336728639
1420,-10888.454657832279
1421,-10861.630884098102
1422,-10679.16814181171
1423,-10576.62791732595
1424,-10446.153901305379
1425,-10544.146954113925
1426,-10757.086506131329
1427,-10835.33946054193
1428,-10822.54667721519
1429,-10851.390958761867
1430,-10927.69708020174
1431,-10958.149179193038
1432,-10976.487737341773
1433,-10945.43162826345
1434,-10940.805330300633
1435,-10885.618831586235
1436,-10659.630933544304
1437,-10687.2509765625
1438,-10833.415434632121
1439,-10869.818396459652
1440,-10909.243881032437
1441,-10897.456697488133
1442,-10795.802635482594
1443,-10760.195337223102
1444,-10843.649550039558
1445,-10854.576653975475
1446,-10896.580980518196
1447,-10895.011644580696
1448,-10926.363948773735
1449,-10757.440367879746
1450,-10539.804563884494
1451,-10555.331870549842
1452,-10783.657795193829
1453,-10909.568050336235
1454,-10962.112848595727
1455,-10977.719874901108
1456,-10974.193656052215
1457,-10966.629153481013
1458,-10973.131897745254
1459,-10918.961975870254
1460,-10856.551918512658
1461,-10891.154618275317
1462,-10891.733188291139
1463,-10916.065355518196
1464,-10910.009506032437
1465,-10940.280372329906
1466,-10940.150934533227
1467,-10792.346543710442
1468,-10609.336802808544
1469,-10772.321214893196
1470,-10826.223360858387
1471,-10897.584206882912
1472,-10892.163061214398
1473,-10913.172344738925
1474,-10934.268010779273
1475,-10932.02714596519
1476,-10856.818520075158
1477,-10827.991841376583
1478,-10877.943915644779
1479,-10901.275600771361
1480,-10839.399562401108
1481,-10496.085269976265
1482,-10596.245030656646
1483,-10733.284303303006
1484,-10894.464262757121
1485,-10945.376977848102
1486,-10979.644185126583
1487,-10960.939885779273
1488,-10782.45977551424
1489,-10642.06640625
1490,-10769.146274228639
1491,-10882.954188093354
1492,-10959.942345727848
1493,-10998.511805280854
1494,-10999.499975276898
1495,-10995.457711135285
1496,-10989.447661194621
1497,-10985.122540051425
1498,-10992.973200158227
1499,-10972.08006576345
1500,-10953.049779964398
1501,-10910.19981210443
1502,-10790.785601265823
1503,-10692.320844046677
1504,-10682.271533821202
1505,-10820.432740803006
1506,-10781.282201839398
1507,-10884.76190417326
1508,-10941.62382565269
1509,-10795.068260482594
1510,-10777.329151008702
1511,-10931.072191455696
1512,-10998.451110067246
1513,-11022.003362341773
1514,-10735.153382120254
1515,-10663.71661145174
1516,-10684.041510087025
1517,-10890.496415150317
1518,-10985.548395470727
1519,-11027.66583020174
1520,-11046.022423852848
1521,-11045.670230913765
1522,-11065.755154766613
1523,-10989.954249901108
1524,-11004.001891317246
1525,-11030.668067642406
1526,-11052.149550039558
1527,-11020.31428006329
1528,-11024.76191653481
1529,-10996.097619165348
1530,-10840.081870549842
1531,-10883.651132318038
1532,-10973.580659117879
1533,-11001.65783227848
1534,-10980.144506526898
1535,-10949.401935818829
1536,-10774.57420638845
1537,-10883.568792029273
1538,-10869.040805478639
1539,-11003.775254647942
1540,-10975.204015031646
1541,-10992.221345925633
1542,-10981.00566159019
1543,-10728.737440664558
1544,-10841.638461728639
1545,-10946.030804984177
1546,-11011.57970727848
1547,-11058.930552808544
1548,-10945.035267503956
1549,-11002.482001582279
1550,-11036.891700454906
1551,-10893.69201196598
1552,-10721.486352848102
1553,-10781.01447537579
1554,-10957.442728935917
1555,-11033.58283475079
1556,-11057.849090189873
1557,-10875.015958761867
1558,-10955.404952037183
1559,-10991.458675336235
1560,-10976.838038963608
1561,-11007.15605221519
1562,-11035.338966079906
1563,-11062.080016317246
1564,-11092.669810621044
1565,-11094.565948872627
1566,-11036.891267800633
1567,-10925.00407931171
1568,-10992.611538271361
1569,-11026.457142503956
1570,-10976.80236352848
1571,-10888.054539161392
1572,-10537.249666238133
1573,-10154.97617929193
1574,-10498.679588607594
1575,-10748.86524673655
1576,-10974.996056665348
1577,-11068.718626384494
1578,-11113.919068928006
1579,-11154.416559533227
1580,-11156.892442147942
1581,-11111.662430775317
1582,-11112.855444026898
1583,-11015.952494560917
1584,-10916.653073081487
1585,-10942.780928599683
1586,-10820.287109375
1587,-10982.659043710442
1588,-11069.213335640823
1589,-11102.60998071598
1590,-11081.27070559731
1591,-10996.300076641613
1592,-11069.373269382912
1593,-11101.126891317246
1594,-11001.958415743671
1595,-10989.541349386867
1596,-10968.328977946994
1597,-10940.694101068038
1598,-10976.563266416139
1599,-11072.40490259098
1600,-11105.969491693038
1601,-11107.430083069621
1602,-10909.500271954113
1603,-10872.931714794304
1604,-10918.862762064873
1605,-10942.602056962025
1606,-10987.745216079906
1607,-11077.338545787183
1608,-11094.781695015823
1609,-11111.813402393196
1610,-11123.968972507912
1611,-11118.494078817246
1612,-11105.41133059731
1613,-11099.937982100475
1614,-11126.71992434731
1615,-10974.25859127769
1616,-10842.530322883702
1617,-10670.94940417326
1618,-10835.838706487342
1619,-10982.37048803402
1620,-11050.891193631329
1621,-11124.233509691456
1622,-11135.485067246835
1623,-11088.147250791139
1624,-10831.921133306962
1625,-10819.178278283227
1626,-11067.474683544304
1627,-11139.889697883702
1628,-11174.649067939083
1629,-11182.172381823575
1630,-11176.967365506329
1631,-11118.251273239715
1632,-11008.53479776503
1633,-10543.077914853639
1634,-10277.762435719937
1635,-10644.147498022152
1636,-10880.257874307754
1637,-11042.661862143987
1638,-11138.456400810917
1639,-11192.141490308544
1640,-11212.345122132121
1641,-11206.191480419304
1642,-10992.80177017405
1643,-11083.516651008702
1644,-11109.046182753165
1645,-11195.93670886076
1646,-11151.327123714398
1647,-11142.439168809335
1648,-11047.150687302215
1649,-10904.497020866298
1650,-10704.382478738133
1651,-10908.431677709652
1652,-10997.474362143987
1653,-11133.582154865506
1654,-11219.052499505538
1655,-11255.41815417326
1656,-11240.59080795095
1657,-11172.27128659019
1658,-10947.011483880538
1659,-10881.324651404273
1660,-11074.400452432754
1661,-11172.82500988924
1662,-11179.698699564873
1663,-11212.292140526108
1664,-11091.312524723102
1665,-11167.08672863924
1666,-11178.714163864715
1667,-11146.117620154273
1668,-11188.94080053402
1669,-11165.540533524525
1670,-10979.258887954906
1671,-10952.15955053402
1672,-11008.27110116693
1673,-11042.302301720727
1674,-11122.564156447785
1675,-11175.941529865506
1676,-11198.409735957279
1677,-11183.024908524525
1678,-11175.13025365902
1679,-11145.45762460443
1680,-10971.340424742879
1681,-10740.945386669304
1682,-10790.045972606804
1683,-10786.056578817246
1684,-10774.36310818829
1685,-11036.01679934731
1686,-11130.76934582674
1687,-11187.916448279273
1688,-11233.536009196994
1689,-11263.448551226265
1690,-11270.068445905854
1691,-11290.771805775317
1692,-11205.603515625
1693,-11131.438686708861
1694,-11040.623392998417
1695,-10987.071363231804
1696,-11005.346716772152
1697,-11121.77014932753
1698,-11181.492076246044
1699,-11235.2724609375
1700,-11212.412616198575
1701,-11233.08085690269
1702,-11223.15685571598
1703,-11122.96308840981
1704,-11088.742150415348
1705,-10876.738553204113
1706,-11015.77264636076
1707,-11108.761656942246
1708,-11154.261805280854
1709,-11072.884530755538
1710,-11059.075442543513
1711,-11190.78106457674
1712,-11236.388140328323
1713,-11223.897868868671
1714,-11254.242855023735
1715,-11227.208329212817
1716,-11245.793636273735
1717,-11198.719751285602
1718,-11203.789482792721
1719,-11165.67756131329
1720,-11202.876483386075
1721,-11129.642318532437
1722,-10932.995586926425
1723,-10933.19902096519
1724,-10984.815034117879
1725,-11031.052623121044
1726,-11003.24805923655
1727,-10896.657300731804
1728,-11057.996538765823
1729,-11186.586184731013
1730,-11261.55157238924
1731,-11284.340597804588
1732,-11287.538530953323
1733,-11190.593206091773
1734,-11041.282337816456
1735,-11051.122107397152
1736,-11118.971914556962
1737,-11173.093688192246
1738,-11194.224213805379
1739,-11238.794007120254
1740,-11179.67030508307
1741,-11126.499245945412
1742,-11113.836876977848
1743,-11196.577074268196
1744,-11068.336827531646
1745,-11130.174730518196
1746,-11138.743411293513
1747,-11065.99182901503
1748,-11089.835665545887
1749,-11090.240493967563
1750,-11116.952778876583
1751,-10906.662813983387
1752,-10854.054786392406
1753,-10934.82597409019
1754,-11170.90565664557
1755,-11168.599547567246
1756,-11026.1845703125
1757,-11041.225511768196
1758,-11194.806356309335
1759,-11267.232174643987
1760,-11310.244177709652
1761,-11295.414087223102
1762,-11154.02635482595
1763,-11018.436473991298
1764,-10978.798321301425
1765,-11020.183717365506
1766,-11160.731049742879
1767,-11139.898647646361
1768,-11083.595492978639
1769,-11016.830646756329
1770,-11194.184063488925
1771,-11236.923321301425
1772,-11329.679464992088
1773,-11345.852959355221
1774,-11340.116186214398
1775,-11181.040100870254
1776,-11082.394284018987
1777,-11209.903567543513
1778,-11251.294662282437
1779,-10929.693025613133
1780,-11067.565924149525
1781,-11214.608497329906
1782,-11053.793908227848
1783,-11164.065083564083
1784,-11225.78204113924
1785,-11261.692469343354
1786,-11202.263993275317
1787,-11267.649376977848
1788,-11108.771014636075
1789,-11026.78241198576
1790,-11226.209837321994
1791,-11258.027442642406
1792,-11315.319088706487
1793,-11297.837235462817
1794,-11265.22130884098
1795,-11175.73475820807
1796,-11239.070225969146
1797,-11296.287529667721
1798,-11265.274537678006
1799,-11169.816962519779
1800,-11169.988528481013
1801,-11047.176683643196
1802,-11072.313031546677
1803,-11217.462853540348
1804,-11128.394815565665
1805,-10942.731358781646
1806,-11089.728824663765
1807,-11177.54704806171
1808,-11275.236859671677
1809,-11168.394555973102
1810,-11121.275093947785
1811,-11188.809174742879
1812,-11294.245747626583
1813,-11199.003856803798
1814,-11303.80781497231
1815,-11304.678018690665
1816,-11288.872638943829
1817,-11171.04395767405
1818,-11148.273573477058
1819,-10880.772708168513
1820,-10775.47364517405
1821,-10940.324861550633
1822,-11082.989134196994
1823,-11160.884518393987
1824,-11294.744449663765
1825,-11322.328953223892
1826,-11341.064984671677
1827,-11255.232990506329
1828,-11204.720727848102
1829,-11203.807468848892
1830,-11185.164223200158
1831,-11280.32305676424
1832,-11066.886570411392
1833,-11265.469442246835
1834,-11330.795230913765
1835,-11357.197599386867
1836,-11228.773041930379
1837,-11067.939107001583
1838,-11151.317630043513
1839,-10977.376396855221
1840,-11074.536231704906
1841,-11226.501705893987
1842,-11335.011570411392
1843,-11373.661837420887
1844,-11388.649253362342
1845,-11370.065170094937
1846,-11392.181727155854
1847,-11370.24823229826
1848,-11277.942110858387
1849,-11297.97967761076
1850,-11309.14665743671
1851,-11316.27033475079
1852,-11254.604764141613
1853,-11162.893789556962
1854,-11150.66149129747
1855,-11084.506156052215
1856,-10931.610326839398
1857,-10885.44123318829
1858,-11033.249728045887
1859,-11219.022374406646
1860,-11337.968292622627
1861,-11258.824156942246
1862,-11177.257552907437
1863,-11101.75584701345
1864,-11185.378844442246
1865,-11315.39685522152
1866,-11377.177573674842
1867,-11366.349114912975
1868,-11123.409464003165
1869,-11107.046219837817
1870,-11085.634320609177
1871,-11043.214126780063
1872,-11042.539297369462
1873,-11170.929168314873
1874,-11097.770606704906
1875,-10992.686548160602
1876,-11252.42028035997
1877,-11379.862453026108
1878,-11429.520643789558
1879,-11431.75391861155
1880,-11425.989171281646
1881,-11354.163975969146
1882,-11389.088545787183
1883,-11394.381798852848
1884,-11282.967538568038
1885,-11348.883047369462
1886,-11369.248343552215
1887,-11340.504660304588
1888,-11228.48357149921
1889,-11216.75353540348
1890,-11051.585368868671
1891,-11186.08557901503
1892,-10923.57386026503
1893,-11077.691097211235
1894,-11114.10075899921
1895,-10917.524451147152
1896,-10987.540669501583
1897,-11207.403765328323
1898,-11367.004808643196
1899,-11372.049854133702
1900,-11333.439725079113
1901,-11401.925521657437
1902,-11425.74843008307
1903,-11221.483818730221
1904,-11355.788246637658
1905,-11416.317827828323
1906,-11403.217081190665
1907,-11263.989492681962
1908,-11075.153987836235
1909,-10973.862626087817
1910,-11186.410391119462
1911,-11287.143010779273
1912,-11361.364937697785
1913,-11316.048716871044
1914,-11189.544971321202
1915,-10995.711357792721
1916,-10942.479047171677
1917,-10989.529420490506
1918,-11236.566863627373
1919,-11388.446734078323
1920,-11465.135766910602
1921,-11492.222235957279
1922,-11502.10216821598
1923,-11510.400687302215
1924,-11490.766391416139
1925,-11416.349028382121
1926,-11384.68244412579
1927,-11151.745463310917
1928,-11086.563550731804
1929,-11238.679835838608
1930,-11289.759308247627
1931,-11356.054662776898
1932,-11363.75719442247
1933,-11211.41911837421
1934,-11319.495957772942
1935,-11349.638968552215
1936,-11323.376124901108
1937,-11212.055948378165
1938,-11047.366767207279
1939,-11057.92497774921
1940,-10961.450949367088
1941,-11185.854405656646
1942,-11201.55895223497
1943,-11359.223484473892
1944,-11137.867496538765
1945,-11283.688377670094
1946,-11228.855889042721
1947,-11168.205486056171
1948,-11291.895421281646
1949,-11380.730011372627
1950,-11411.446425039558
1951,-11353.186041337025
1952,-11413.956907634494
1953,-11349.102749208861
1954,-11394.666868571994
1955,-11319.265736253956
1956,-11239.855901404273
1957,-11333.294971321202
1958,-11402.947043117088
1959,-11298.944842761075
1960,-11156.854232594937
1961,-10961.93616495253
1962,-11043.726278184335
1963,-11037.632651799842
1964,-11235.904346321202
1965,-11328.680120154273
1966,-11270.697154371044
1967,-11259.392120747627
1968,-11401.796726661392
1969,-11375.789705300633
1970,-11311.119622725475
1971,-11397.55212865902
1972,-11449.917560818829
1973,-11408.815763449367
1974,-11332.474498121044
1975,-11243.725462321994
1976,-11341.952234968354
1977,-11330.840795589398
1978,-11295.887225573575
1979,-11077.335307060917
1980,-10876.776997626583
1981,-11026.928562598892
1982,-11148.963224386867
1983,-11304.022757614715
1984,-11408.927239912975
1985,-11324.77909909019
1986,-11433.361266317246
1987,-11453.598595727848
1988,-11321.312438192246
1989,-11121.12968502769
1990,-11117.328359869462
1991,-11312.988330696202
1992,-11364.453434038765
1993,-11336.124122329906
1994,-11201.39043957674
1995,-11303.273561115506
1996,-11408.550249703323
1997,-11434.468515130538
1998,-11421.533648140823
1999,-11442.31409464003
2000,-11466.346036886867
